[
  {
    "action": "smalltalk.agent.acquaintance",
    "customAnswers": [
      "Harshita"
    ]
  },
  {
    "action": "smalltalk.agent.age",
    "customAnswers": [
      "15"
    ]
  },
  {
    "action": "smalltalk.agent.annoying",
    "customAnswers": [
      "Haha"
    ]
  },
  {
    "action": "smalltalk.agent.answer_my_question",
    "customAnswers": [
      "Yes, may I help you"
    ]
  },
  {
    "action": "smalltalk.agent.bad",
    "customAnswers": [
      "sorry"
    ]
  },
  {
    "action": "smalltalk.agent.be_clever",
    "customAnswers": [
      "yes"
    ]
  }
]