[
  {
    "id": "300714c7-0459-4fa7-8d53-6657eaa00028",
    "data": [
      {
        "text": "சரி",
        "userDefined": true
      }
    ],
    "isTemplate": false,
    "count": 0,
    "lang": "ta",
    "updated": 0
  },
  {
    "id": "ff632e33-780a-4408-91d1-94a12ca81491",
    "data": [
      {
        "text": "அதைச் செய்",
        "userDefined": true
      }
    ],
    "isTemplate": false,
    "count": 0,
    "lang": "ta",
    "updated": 0
  },
  {
    "id": "120771f6-1172-4181-9d64-6632510efb52",
    "data": [
      {
        "text": "கட்டாயமாக",
        "userDefined": true
      }
    ],
    "isTemplate": false,
    "count": 0,
    "lang": "ta",
    "updated": 0
  },
  {
    "id": "bfbfdb84-fef6-4427-9965-333228d97d79",
    "data": [
      {
        "text": "அப்படியே செய்",
        "userDefined": true
      }
    ],
    "isTemplate": false,
    "count": 0,
    "lang": "ta",
    "updated": 0
  },
  {
    "id": "ff7375fd-565f-4ed5-b9cb-230636473973",
    "data": [
      {
        "text": "உறுதிசெய்",
        "userDefined": true
      }
    ],
    "isTemplate": false,
    "count": 0,
    "lang": "ta",
    "updated": 0
  },
  {
    "id": "8f4878f1-4bf6-477a-ab28-066f72e7a26c",
    "data": [
      {
        "text": "நிச்சயமாக",
        "userDefined": true
      }
    ],
    "isTemplate": false,
    "count": 0,
    "lang": "ta",
    "updated": 0
  },
  {
    "id": "5ec744f1-8523-473c-90ec-88ca215335ac",
    "data": [
      {
        "text": "நல்லா இருக்கு",
        "userDefined": true
      }
    ],
    "isTemplate": false,
    "count": 0,
    "lang": "ta",
    "updated": 0
  },
  {
    "id": "c2d052dd-f3b1-47c2-ae85-4ce00321f622",
    "data": [
      {
        "text": "அது சரி தான்",
        "userDefined": true
      }
    ],
    "isTemplate": false,
    "count": 0,
    "lang": "ta",
    "updated": 0
  },
  {
    "id": "7fb411e2-c491-4436-9555-59beb646bbe3",
    "data": [
      {
        "text": "சரி பரவாயில்ல",
        "userDefined": true
      }
    ],
    "isTemplate": false,
    "count": 0,
    "lang": "ta",
    "updated": 0
  },
  {
    "id": "ad6a3d4d-29df-425b-ba76-f5f6b937dcd9",
    "data": [
      {
        "text": "ஏற்கிறேன்",
        "userDefined": true
      }
    ],
    "isTemplate": false,
    "count": 0,
    "lang": "ta",
    "updated": 0
  }
]