[
  {
    "id": "c231596c-7af6-455b-85f7-5bce25c89c6f",
    "data": [
      {
        "text": "சரி",
        "userDefined": true
      }
    ],
    "isTemplate": false,
    "count": 0,
    "lang": "ta",
    "updated": 0
  },
  {
    "id": "4cf1e8fc-baad-48f0-a68c-b058f7eb07b4",
    "data": [
      {
        "text": "அதைச் செய்",
        "userDefined": true
      }
    ],
    "isTemplate": false,
    "count": 0,
    "lang": "ta",
    "updated": 0
  },
  {
    "id": "3b8a95b4-47b7-452c-8fba-c9e037ac0e65",
    "data": [
      {
        "text": "கட்டாயமாக",
        "userDefined": true
      }
    ],
    "isTemplate": false,
    "count": 0,
    "lang": "ta",
    "updated": 0
  },
  {
    "id": "ace4811b-c37d-4070-a37e-75d2284ba9d1",
    "data": [
      {
        "text": "அப்படியே செய்",
        "userDefined": true
      }
    ],
    "isTemplate": false,
    "count": 0,
    "lang": "ta",
    "updated": 0
  },
  {
    "id": "9d77368a-1a56-42b0-87fc-219b9b1a90ba",
    "data": [
      {
        "text": "உறுதிசெய்",
        "userDefined": true
      }
    ],
    "isTemplate": false,
    "count": 0,
    "lang": "ta",
    "updated": 0
  },
  {
    "id": "f321c232-55a7-4d1d-9db0-1eae11ccfb2a",
    "data": [
      {
        "text": "நிச்சயமாக",
        "userDefined": true
      }
    ],
    "isTemplate": false,
    "count": 0,
    "lang": "ta",
    "updated": 0
  },
  {
    "id": "82762305-dafa-4745-a82d-5c474117ce18",
    "data": [
      {
        "text": "நல்லா இருக்கு",
        "userDefined": true
      }
    ],
    "isTemplate": false,
    "count": 0,
    "lang": "ta",
    "updated": 0
  },
  {
    "id": "00200493-cd3b-42f9-b35f-b8efad26ca78",
    "data": [
      {
        "text": "அது சரி தான்",
        "userDefined": true
      }
    ],
    "isTemplate": false,
    "count": 0,
    "lang": "ta",
    "updated": 0
  },
  {
    "id": "f55130c1-0066-49e9-a6be-a869bf6afb76",
    "data": [
      {
        "text": "சரி பரவாயில்ல",
        "userDefined": true
      }
    ],
    "isTemplate": false,
    "count": 0,
    "lang": "ta",
    "updated": 0
  },
  {
    "id": "81ccd35f-371d-485e-832b-cbc53799f181",
    "data": [
      {
        "text": "ஏற்கிறேன்",
        "userDefined": true
      }
    ],
    "isTemplate": false,
    "count": 0,
    "lang": "ta",
    "updated": 0
  }
]