[
  {
    "id": "0fe19d74-7e9d-4c1d-b542-24f5a83aa6c4",
    "data": [
      {
        "text": "இல்லை",
        "userDefined": true
      }
    ],
    "isTemplate": false,
    "count": 0,
    "lang": "ta",
    "updated": 0
  },
  {
    "id": "76f01dc4-7cf2-49ec-983e-2015b8c2f785",
    "data": [
      {
        "text": "அதைச் செய்யாதே",
        "userDefined": true
      }
    ],
    "isTemplate": false,
    "count": 0,
    "lang": "ta",
    "updated": 0
  },
  {
    "id": "1bf861fa-7d77-4384-8a27-aa9d5107c8f6",
    "data": [
      {
        "text": "கண்டிப்பாக வேண்டாம்",
        "userDefined": true
      }
    ],
    "isTemplate": false,
    "count": 0,
    "lang": "ta",
    "updated": 0
  },
  {
    "id": "009f2f84-b30b-4011-88d6-d732474b9807",
    "data": [
      {
        "text": "தேவையில்லை",
        "userDefined": true
      }
    ],
    "isTemplate": false,
    "count": 0,
    "lang": "ta",
    "updated": 0
  },
  {
    "id": "9147e9f8-92fb-4057-af2e-c323a0da6981",
    "data": [
      {
        "text": "நன்றி ஆனால் வேண்டாம்",
        "userDefined": true
      }
    ],
    "isTemplate": false,
    "count": 0,
    "lang": "ta",
    "updated": 0
  },
  {
    "id": "1610f209-941d-4d7f-8b38-4144d908f88a",
    "data": [
      {
        "text": "விருப்பம் இல்லை",
        "userDefined": true
      }
    ],
    "isTemplate": false,
    "count": 0,
    "lang": "ta",
    "updated": 0
  },
  {
    "id": "8db54fec-b7c1-4168-8864-30b5029d36ab",
    "data": [
      {
        "text": "தெரியவில்லை",
        "userDefined": true
      }
    ],
    "isTemplate": false,
    "count": 0,
    "lang": "ta",
    "updated": 0
  },
  {
    "id": "8c5d6110-fd16-4ac9-9c03-368c12cf1618",
    "data": [
      {
        "text": "மறுக்கிறேன்",
        "userDefined": true
      }
    ],
    "isTemplate": false,
    "count": 0,
    "lang": "ta",
    "updated": 0
  },
  {
    "id": "c99df5ff-af75-473c-9eee-3a88e946738a",
    "data": [
      {
        "text": "அது வேண்டாம்",
        "userDefined": true
      }
    ],
    "isTemplate": false,
    "count": 0,
    "lang": "ta",
    "updated": 0
  }
]