[
  {
    "id": "acaf1f25-59ca-4200-8a65-329df5bff678",
    "data": [
      {
        "text": "சரி",
        "userDefined": true
      }
    ],
    "isTemplate": false,
    "count": 0,
    "lang": "ta",
    "updated": 0
  },
  {
    "id": "82919286-7f0e-4a66-996c-517d5a43bc2b",
    "data": [
      {
        "text": "அதைச் செய்",
        "userDefined": true
      }
    ],
    "isTemplate": false,
    "count": 0,
    "lang": "ta",
    "updated": 0
  },
  {
    "id": "b327c826-8408-4169-8763-d40a4389b032",
    "data": [
      {
        "text": "கட்டாயமாக",
        "userDefined": true
      }
    ],
    "isTemplate": false,
    "count": 0,
    "lang": "ta",
    "updated": 0
  },
  {
    "id": "62962611-86f0-4969-8431-64983a92a582",
    "data": [
      {
        "text": "அப்படியே செய்",
        "userDefined": true
      }
    ],
    "isTemplate": false,
    "count": 0,
    "lang": "ta",
    "updated": 0
  },
  {
    "id": "bb586074-dde0-4c58-b561-403e0b496906",
    "data": [
      {
        "text": "உறுதிசெய்",
        "userDefined": true
      }
    ],
    "isTemplate": false,
    "count": 0,
    "lang": "ta",
    "updated": 0
  },
  {
    "id": "2e6333aa-5956-4f2e-b7b0-0d7f4e23bc2f",
    "data": [
      {
        "text": "நிச்சயமாக",
        "userDefined": true
      }
    ],
    "isTemplate": false,
    "count": 0,
    "lang": "ta",
    "updated": 0
  },
  {
    "id": "e220590c-1286-46bd-9301-53c85613cef9",
    "data": [
      {
        "text": "நல்லா இருக்கு",
        "userDefined": true
      }
    ],
    "isTemplate": false,
    "count": 0,
    "lang": "ta",
    "updated": 0
  },
  {
    "id": "f9a414c0-8db1-4c93-8a41-247dbdf2d343",
    "data": [
      {
        "text": "அது சரி தான்",
        "userDefined": true
      }
    ],
    "isTemplate": false,
    "count": 0,
    "lang": "ta",
    "updated": 0
  },
  {
    "id": "b9557844-fc65-4cd9-ac17-0bf3d0d5be83",
    "data": [
      {
        "text": "சரி பரவாயில்ல",
        "userDefined": true
      }
    ],
    "isTemplate": false,
    "count": 0,
    "lang": "ta",
    "updated": 0
  },
  {
    "id": "42897a84-4e6b-4ebf-9a56-0d7b485c15d6",
    "data": [
      {
        "text": "ஏற்கிறேன்",
        "userDefined": true
      }
    ],
    "isTemplate": false,
    "count": 0,
    "lang": "ta",
    "updated": 0
  }
]