[
  {
    "id": "7b56d925-30b9-4b7d-b80e-b1ad057141d1",
    "data": [
      {
        "text": "யூர் வெல்கம்",
        "userDefined": false
      }
    ],
    "isTemplate": false,
    "count": 1,
    "lang": "ta",
    "updated": 0
  },
  {
    "id": "0d7e8085-3e9b-4048-ba1d-cb613062a5c4",
    "data": [
      {
        "text": "வெல்கம்",
        "userDefined": false
      }
    ],
    "isTemplate": false,
    "count": 0,
    "lang": "ta",
    "updated": 0
  },
  {
    "id": "7a7536ce-4885-4b78-bb70-1a3826abbf86",
    "data": [
      {
        "text": "யூர் சோ வெல்கம்",
        "userDefined": false
      }
    ],
    "isTemplate": false,
    "count": 0,
    "lang": "ta",
    "updated": 0
  },
  {
    "id": "b5c17dfd-419c-4846-a851-c092a09777c8",
    "data": [
      {
        "text": "சந்தோஷம்",
        "userDefined": false
      }
    ],
    "isTemplate": false,
    "count": 0,
    "lang": "ta",
    "updated": 0
  },
  {
    "id": "30c3a814-1abf-47dd-bdc2-3af11130e640",
    "data": [
      {
        "text": "ஷூர் வெல்கம்",
        "userDefined": false
      }
    ],
    "isTemplate": false,
    "count": 0,
    "lang": "ta",
    "updated": 0
  },
  {
    "id": "f0911c2d-d40c-45df-921b-7df384e94d29",
    "data": [
      {
        "text": "எனக்கு சந்தோஷம்",
        "userDefined": false
      }
    ],
    "isTemplate": false,
    "count": 0,
    "lang": "ta",
    "updated": 0
  }
]